parcel_id,scanned_at
P01,2026-03-10T16:{n:02d}:00Z
P02,2026-03-10T16:{n:02d}:00Z
P03,2026-03-10T16:{n:02d}:00Z
P04,2026-03-10T16:{n:02d}:00Z
P05,2026-03-10T16:{n:02d}:00Z
P06,2026-03-10T16:{n:02d}:00Z
P07,2026-03-10T16:{n:02d}:00Z
P08,2026-03-10T16:{n:02d}:00Z
P09,2026-03-10T16:{n:02d}:00Z
P10,2026-03-10T16:{n:02d}:00Z
P11,2026-03-10T16:{n:02d}:00Z
P12,2026-03-10T16:{n:02d}:00Z
P13,2026-03-10T16:{n:02d}:00Z
P14,2026-03-10T16:{n:02d}:00Z
P15,2026-03-10T16:{n:02d}:00Z
P16,2026-03-10T16:{n:02d}:00Z
P17,2026-03-10T16:{n:02d}:00Z
P18,2026-03-10T16:{n:02d}:00Z
