shipment_id,delivered_at,batch
S001,2026-03-11T18:01:00Z,B-771
S002,2026-03-11T18:02:00Z,B-771
S003,2026-03-11T18:03:00Z,B-771
S004,2026-03-11T18:04:00Z,B-771
S005,2026-03-11T18:05:00Z,B-771
S006,2026-03-11T18:06:00Z,B-771
S007,2026-03-11T18:07:00Z,B-771
S008,2026-03-11T18:08:00Z,B-771
S009,2026-03-11T18:09:00Z,B-771
S010,2026-03-11T18:10:00Z,B-771
S011,2026-03-11T18:11:00Z,B-771
S012,2026-03-11T18:12:00Z,B-771
S013,2026-03-11T18:13:00Z,B-771
S014,2026-03-11T18:14:00Z,B-771
S015,2026-03-11T18:15:00Z,B-771
S016,2026-03-11T18:16:00Z,B-771
S017,2026-03-11T18:17:00Z,B-771
S018,2026-03-11T18:18:00Z,B-771
S019,2026-03-11T18:19:00Z,B-771
S020,2026-03-11T18:20:00Z,B-771
S021,2026-03-11T18:21:00Z,B-771
S022,2026-03-11T18:22:00Z,B-771
S023,2026-03-11T18:23:00Z,B-771
S024,2026-03-11T18:24:00Z,B-771
S025,2026-03-11T18:25:00Z,B-771
S026,2026-03-11T18:26:00Z,B-771
S027,2026-03-11T18:27:00Z,B-771
S028,2026-03-11T18:28:00Z,B-771
S029,2026-03-11T18:29:00Z,B-771
S030,2026-03-11T18:30:00Z,B-771
S031,2026-03-11T18:31:00Z,B-771
S032,2026-03-11T18:32:00Z,B-771
S033,2026-03-11T18:33:00Z,B-771
S034,2026-03-11T18:34:00Z,B-771
S035,2026-03-11T18:35:00Z,B-771
S036,2026-03-11T18:36:00Z,B-771
S037,2026-03-11T18:37:00Z,B-771
S038,2026-03-11T18:38:00Z,B-771
S039,2026-03-11T18:39:00Z,B-771
S040,2026-03-11T18:40:00Z,B-771
S001,2026-03-11T18:01:00Z,B-771-retry
S002,2026-03-11T18:02:00Z,B-771-retry
S003,2026-03-11T18:03:00Z,B-771-retry
S004,2026-03-11T18:04:00Z,B-771-retry
S005,2026-03-11T18:05:00Z,B-771-retry
S006,2026-03-11T18:06:00Z,B-771-retry
S007,2026-03-11T18:07:00Z,B-771-retry
S008,2026-03-11T18:08:00Z,B-771-retry
S009,2026-03-11T18:09:00Z,B-771-retry
S010,2026-03-11T18:10:00Z,B-771-retry
S011,2026-03-11T18:11:00Z,B-771-retry
S012,2026-03-11T18:12:00Z,B-771-retry
S013,2026-03-11T18:13:00Z,B-771-retry
S014,2026-03-11T18:14:00Z,B-771-retry
S015,2026-03-11T18:15:00Z,B-771-retry
S016,2026-03-11T18:16:00Z,B-771-retry
S017,2026-03-11T18:17:00Z,B-771-retry
S018,2026-03-11T18:18:00Z,B-771-retry
S019,2026-03-11T18:19:00Z,B-771-retry
S020,2026-03-11T18:20:00Z,B-771-retry
S021,2026-03-11T18:21:00Z,B-771-retry
S022,2026-03-11T18:22:00Z,B-771-retry
S023,2026-03-11T18:23:00Z,B-771-retry
S024,2026-03-11T18:24:00Z,B-771-retry
S025,2026-03-11T18:25:00Z,B-771-retry
S026,2026-03-11T18:26:00Z,B-771-retry
S027,2026-03-11T18:27:00Z,B-771-retry
S028,2026-03-11T18:28:00Z,B-771-retry
S029,2026-03-11T18:29:00Z,B-771-retry
S030,2026-03-11T18:30:00Z,B-771-retry
S031,2026-03-11T18:31:00Z,B-771-retry
S032,2026-03-11T18:32:00Z,B-771-retry
S033,2026-03-11T18:33:00Z,B-771-retry
S034,2026-03-11T18:34:00Z,B-771-retry
S035,2026-03-11T18:35:00Z,B-771-retry
S036,2026-03-11T18:36:00Z,B-771-retry
S037,2026-03-11T18:37:00Z,B-771-retry
S038,2026-03-11T18:38:00Z,B-771-retry
S039,2026-03-11T18:39:00Z,B-771-retry
S040,2026-03-11T18:40:00Z,B-771-retry
