shipment_id,ship_date
S001,2026-03-11
S002,2026-03-11
S003,2026-03-11
S004,2026-03-11
S005,2026-03-11
S006,2026-03-11
S007,2026-03-11
S008,2026-03-11
S009,2026-03-11
S010,2026-03-11
S011,2026-03-11
S012,2026-03-11
S013,2026-03-11
S014,2026-03-11
S015,2026-03-11
S016,2026-03-11
S017,2026-03-11
S018,2026-03-11
S019,2026-03-11
S020,2026-03-11
S021,2026-03-11
S022,2026-03-11
S023,2026-03-11
S024,2026-03-11
S025,2026-03-11
S026,2026-03-11
S027,2026-03-11
S028,2026-03-11
S029,2026-03-11
S030,2026-03-11
S031,2026-03-11
S032,2026-03-11
S033,2026-03-11
S034,2026-03-11
S035,2026-03-11
S036,2026-03-11
S037,2026-03-11
S038,2026-03-11
S039,2026-03-11
S040,2026-03-11
