order_id,order_date,amount_cents
10-001,2026-03-10,2500
10-002,2026-03-10,2500
10-003,2026-03-10,2500
10-004,2026-03-10,2500
10-005,2026-03-10,2500
10-006,2026-03-10,2500
10-007,2026-03-10,2500
10-008,2026-03-10,2500
10-009,2026-03-10,2500
10-010,2026-03-10,2500
10-011,2026-03-10,2500
10-012,2026-03-10,2500
10-013,2026-03-10,2500
10-014,2026-03-10,2500
10-015,2026-03-10,2500
10-016,2026-03-10,2500
10-017,2026-03-10,2500
10-018,2026-03-10,2500
10-019,2026-03-10,2500
10-020,2026-03-10,2500
10-021,2026-03-10,2500
10-022,2026-03-10,2500
10-023,2026-03-10,2500
10-024,2026-03-10,2500
10-025,2026-03-10,2500
10-026,2026-03-10,2500
10-027,2026-03-10,2500
10-028,2026-03-10,2500
10-029,2026-03-10,2500
10-030,2026-03-10,2500
10-031,2026-03-10,2500
10-032,2026-03-10,2500
10-033,2026-03-10,2500
10-034,2026-03-10,2500
10-035,2026-03-10,2500
10-036,2026-03-10,2500
10-037,2026-03-10,2500
10-038,2026-03-10,2500
10-039,2026-03-10,2500
10-040,2026-03-10,2500
10-041,2026-03-10,2500
10-042,2026-03-10,2500
10-043,2026-03-10,2500
10-044,2026-03-10,2500
10-045,2026-03-10,2500
10-046,2026-03-10,2500
10-047,2026-03-10,2500
10-048,2026-03-10,2500
10-049,2026-03-10,2500
10-050,2026-03-10,2500
10-051,2026-03-10,2500
10-052,2026-03-10,2500
10-053,2026-03-10,2500
10-054,2026-03-10,2500
10-055,2026-03-10,2500
10-056,2026-03-10,2500
10-057,2026-03-10,2500
10-058,2026-03-10,2500
10-059,2026-03-10,2500
10-060,2026-03-10,2500
10-061,2026-03-10,2500
10-062,2026-03-10,2500
10-063,2026-03-10,2500
10-064,2026-03-10,2500
10-065,2026-03-10,2500
10-066,2026-03-10,2500
10-067,2026-03-10,2500
10-068,2026-03-10,2500
10-069,2026-03-10,2500
10-070,2026-03-10,2500
10-071,2026-03-10,2500
10-072,2026-03-10,2500
10-073,2026-03-10,2500
10-074,2026-03-10,2500
10-075,2026-03-10,2500
10-076,2026-03-10,2500
10-077,2026-03-10,2500
10-078,2026-03-10,2500
10-079,2026-03-10,2500
10-080,2026-03-10,2500
10-081,2026-03-10,2500
10-082,2026-03-10,2500
10-083,2026-03-10,2500
10-084,2026-03-10,2500
10-085,2026-03-10,2500
10-086,2026-03-10,2500
10-087,2026-03-10,2500
10-088,2026-03-10,2500
10-089,2026-03-10,2500
10-090,2026-03-10,2500
10-091,2026-03-10,2500
10-092,2026-03-10,2500
10-093,2026-03-10,2500
10-094,2026-03-10,2500
10-095,2026-03-10,2500
10-096,2026-03-10,2500
10-097,2026-03-10,2500
10-098,2026-03-10,2500
10-099,2026-03-10,2500
10-100,2026-03-10,2500
10-101,2026-03-10,2500
10-102,2026-03-10,2500
10-103,2026-03-10,2500
10-104,2026-03-10,2500
10-105,2026-03-10,2500
10-106,2026-03-10,2500
10-107,2026-03-10,2500
10-108,2026-03-10,2500
10-109,2026-03-10,2500
10-110,2026-03-10,2500
10-111,2026-03-10,2500
10-112,2026-03-10,2500
10-113,2026-03-10,2500
10-114,2026-03-10,2500
10-115,2026-03-10,2500
10-116,2026-03-10,2500
10-117,2026-03-10,2500
10-118,2026-03-10,2500
10-119,2026-03-10,2500
10-120,2026-03-10,2500
10-121,2026-03-10,2500
10-122,2026-03-10,2500
10-123,2026-03-10,2500
10-124,2026-03-10,2500
11-001,2026-03-11,2500
11-002,2026-03-11,2500
11-003,2026-03-11,2500
11-004,2026-03-11,2500
11-005,2026-03-11,2500
11-006,2026-03-11,2500
11-007,2026-03-11,2500
11-008,2026-03-11,2500
11-009,2026-03-11,2500
11-010,2026-03-11,2500
11-011,2026-03-11,2500
11-012,2026-03-11,2500
11-013,2026-03-11,2500
11-014,2026-03-11,2500
11-015,2026-03-11,2500
11-016,2026-03-11,2500
11-017,2026-03-11,2500
11-018,2026-03-11,2500
11-019,2026-03-11,2500
11-020,2026-03-11,2500
11-021,2026-03-11,2500
11-022,2026-03-11,2500
11-023,2026-03-11,2500
11-024,2026-03-11,2500
11-025,2026-03-11,2500
11-026,2026-03-11,2500
11-027,2026-03-11,2500
11-028,2026-03-11,2500
11-029,2026-03-11,2500
11-030,2026-03-11,2500
11-031,2026-03-11,2500
11-032,2026-03-11,2500
11-033,2026-03-11,2500
11-034,2026-03-11,2500
11-035,2026-03-11,2500
11-036,2026-03-11,2500
11-037,2026-03-11,2500
11-038,2026-03-11,2500
11-039,2026-03-11,2500
11-040,2026-03-11,2500
11-041,2026-03-11,2500
11-042,2026-03-11,2500
11-043,2026-03-11,2500
11-044,2026-03-11,2500
11-045,2026-03-11,2500
11-046,2026-03-11,2500
11-047,2026-03-11,2500
11-048,2026-03-11,2500
11-049,2026-03-11,2500
11-050,2026-03-11,2500
11-051,2026-03-11,2500
11-052,2026-03-11,2500
11-053,2026-03-11,2500
11-054,2026-03-11,2500
11-055,2026-03-11,2500
11-056,2026-03-11,2500
11-057,2026-03-11,2500
11-058,2026-03-11,2500
11-059,2026-03-11,2500
11-060,2026-03-11,2500
11-061,2026-03-11,2500
11-062,2026-03-11,2500
11-063,2026-03-11,2500
11-064,2026-03-11,2500
11-065,2026-03-11,2500
11-066,2026-03-11,2500
11-067,2026-03-11,2500
11-068,2026-03-11,2500
11-069,2026-03-11,2500
11-070,2026-03-11,2500
11-071,2026-03-11,2500
11-072,2026-03-11,2500
11-073,2026-03-11,2500
11-074,2026-03-11,2500
11-075,2026-03-11,2500
11-076,2026-03-11,2500
11-077,2026-03-11,2500
11-078,2026-03-11,2500
11-079,2026-03-11,2500
11-080,2026-03-11,2500
11-081,2026-03-11,2500
11-082,2026-03-11,2500
11-083,2026-03-11,2500
11-084,2026-03-11,2500
11-085,2026-03-11,2500
11-086,2026-03-11,2500
11-087,2026-03-11,2500
11-088,2026-03-11,2500
11-089,2026-03-11,2500
11-090,2026-03-11,2500
11-091,2026-03-11,2500
11-092,2026-03-11,2500
11-093,2026-03-11,2500
11-094,2026-03-11,2500
11-095,2026-03-11,2500
11-096,2026-03-11,2500
11-097,2026-03-11,2500
11-098,2026-03-11,2500
11-099,2026-03-11,2500
11-100,2026-03-11,2500
11-101,2026-03-11,2500
11-102,2026-03-11,2500
11-103,2026-03-11,2500
11-104,2026-03-11,2500
11-105,2026-03-11,2500
11-106,2026-03-11,2500
11-107,2026-03-11,2500
11-108,2026-03-11,2500
11-109,2026-03-11,2500
11-110,2026-03-11,2500
11-111,2026-03-11,2500
11-112,2026-03-11,2500
11-113,2026-03-11,2500
11-114,2026-03-11,2500
11-115,2026-03-11,2500
11-116,2026-03-11,2500
11-117,2026-03-11,2500
11-118,2026-03-11,2500
13-001,2026-03-13,2500
13-002,2026-03-13,2500
13-003,2026-03-13,2500
13-004,2026-03-13,2500
13-005,2026-03-13,2500
13-006,2026-03-13,2500
13-007,2026-03-13,2500
13-008,2026-03-13,2500
13-009,2026-03-13,2500
13-010,2026-03-13,2500
13-011,2026-03-13,2500
13-012,2026-03-13,2500
13-013,2026-03-13,2500
13-014,2026-03-13,2500
13-015,2026-03-13,2500
13-016,2026-03-13,2500
13-017,2026-03-13,2500
13-018,2026-03-13,2500
13-019,2026-03-13,2500
13-020,2026-03-13,2500
13-021,2026-03-13,2500
13-022,2026-03-13,2500
13-023,2026-03-13,2500
13-024,2026-03-13,2500
13-025,2026-03-13,2500
13-026,2026-03-13,2500
13-027,2026-03-13,2500
13-028,2026-03-13,2500
13-029,2026-03-13,2500
13-030,2026-03-13,2500
13-031,2026-03-13,2500
13-032,2026-03-13,2500
13-033,2026-03-13,2500
13-034,2026-03-13,2500
13-035,2026-03-13,2500
13-036,2026-03-13,2500
13-037,2026-03-13,2500
13-038,2026-03-13,2500
13-039,2026-03-13,2500
13-040,2026-03-13,2500
13-041,2026-03-13,2500
13-042,2026-03-13,2500
13-043,2026-03-13,2500
13-044,2026-03-13,2500
13-045,2026-03-13,2500
13-046,2026-03-13,2500
13-047,2026-03-13,2500
13-048,2026-03-13,2500
13-049,2026-03-13,2500
13-050,2026-03-13,2500
13-051,2026-03-13,2500
13-052,2026-03-13,2500
13-053,2026-03-13,2500
13-054,2026-03-13,2500
13-055,2026-03-13,2500
13-056,2026-03-13,2500
13-057,2026-03-13,2500
13-058,2026-03-13,2500
13-059,2026-03-13,2500
13-060,2026-03-13,2500
13-061,2026-03-13,2500
13-062,2026-03-13,2500
13-063,2026-03-13,2500
13-064,2026-03-13,2500
13-065,2026-03-13,2500
13-066,2026-03-13,2500
13-067,2026-03-13,2500
13-068,2026-03-13,2500
13-069,2026-03-13,2500
13-070,2026-03-13,2500
13-071,2026-03-13,2500
13-072,2026-03-13,2500
13-073,2026-03-13,2500
13-074,2026-03-13,2500
13-075,2026-03-13,2500
13-076,2026-03-13,2500
13-077,2026-03-13,2500
13-078,2026-03-13,2500
13-079,2026-03-13,2500
13-080,2026-03-13,2500
13-081,2026-03-13,2500
13-082,2026-03-13,2500
13-083,2026-03-13,2500
13-084,2026-03-13,2500
13-085,2026-03-13,2500
13-086,2026-03-13,2500
13-087,2026-03-13,2500
13-088,2026-03-13,2500
13-089,2026-03-13,2500
13-090,2026-03-13,2500
13-091,2026-03-13,2500
13-092,2026-03-13,2500
13-093,2026-03-13,2500
13-094,2026-03-13,2500
13-095,2026-03-13,2500
13-096,2026-03-13,2500
13-097,2026-03-13,2500
13-098,2026-03-13,2500
13-099,2026-03-13,2500
13-100,2026-03-13,2500
13-101,2026-03-13,2500
13-102,2026-03-13,2500
13-103,2026-03-13,2500
13-104,2026-03-13,2500
13-105,2026-03-13,2500
13-106,2026-03-13,2500
13-107,2026-03-13,2500
13-108,2026-03-13,2500
13-109,2026-03-13,2500
13-110,2026-03-13,2500
13-111,2026-03-13,2500
13-112,2026-03-13,2500
13-113,2026-03-13,2500
13-114,2026-03-13,2500
13-115,2026-03-13,2500
13-116,2026-03-13,2500
13-117,2026-03-13,2500
13-118,2026-03-13,2500
13-119,2026-03-13,2500
13-120,2026-03-13,2500
13-121,2026-03-13,2500
13-122,2026-03-13,2500
13-123,2026-03-13,2500
13-124,2026-03-13,2500
13-125,2026-03-13,2500
13-126,2026-03-13,2500
13-127,2026-03-13,2500
13-128,2026-03-13,2500
13-129,2026-03-13,2500
13-130,2026-03-13,2500
13-131,2026-03-13,2500
14-001,2026-03-14,2500
14-002,2026-03-14,2500
14-003,2026-03-14,2500
14-004,2026-03-14,2500
14-005,2026-03-14,2500
14-006,2026-03-14,2500
14-007,2026-03-14,2500
14-008,2026-03-14,2500
14-009,2026-03-14,2500
14-010,2026-03-14,2500
14-011,2026-03-14,2500
14-012,2026-03-14,2500
14-013,2026-03-14,2500
14-014,2026-03-14,2500
14-015,2026-03-14,2500
14-016,2026-03-14,2500
14-017,2026-03-14,2500
14-018,2026-03-14,2500
14-019,2026-03-14,2500
14-020,2026-03-14,2500
14-021,2026-03-14,2500
14-022,2026-03-14,2500
14-023,2026-03-14,2500
14-024,2026-03-14,2500
14-025,2026-03-14,2500
14-026,2026-03-14,2500
14-027,2026-03-14,2500
14-028,2026-03-14,2500
14-029,2026-03-14,2500
14-030,2026-03-14,2500
14-031,2026-03-14,2500
14-032,2026-03-14,2500
14-033,2026-03-14,2500
14-034,2026-03-14,2500
14-035,2026-03-14,2500
14-036,2026-03-14,2500
14-037,2026-03-14,2500
14-038,2026-03-14,2500
14-039,2026-03-14,2500
14-040,2026-03-14,2500
14-041,2026-03-14,2500
14-042,2026-03-14,2500
14-043,2026-03-14,2500
14-044,2026-03-14,2500
14-045,2026-03-14,2500
14-046,2026-03-14,2500
14-047,2026-03-14,2500
14-048,2026-03-14,2500
14-049,2026-03-14,2500
14-050,2026-03-14,2500
14-051,2026-03-14,2500
14-052,2026-03-14,2500
14-053,2026-03-14,2500
14-054,2026-03-14,2500
14-055,2026-03-14,2500
14-056,2026-03-14,2500
14-057,2026-03-14,2500
14-058,2026-03-14,2500
14-059,2026-03-14,2500
14-060,2026-03-14,2500
14-061,2026-03-14,2500
14-062,2026-03-14,2500
14-063,2026-03-14,2500
14-064,2026-03-14,2500
14-065,2026-03-14,2500
14-066,2026-03-14,2500
14-067,2026-03-14,2500
14-068,2026-03-14,2500
14-069,2026-03-14,2500
14-070,2026-03-14,2500
14-071,2026-03-14,2500
14-072,2026-03-14,2500
14-073,2026-03-14,2500
14-074,2026-03-14,2500
14-075,2026-03-14,2500
14-076,2026-03-14,2500
14-077,2026-03-14,2500
14-078,2026-03-14,2500
14-079,2026-03-14,2500
14-080,2026-03-14,2500
14-081,2026-03-14,2500
14-082,2026-03-14,2500
14-083,2026-03-14,2500
14-084,2026-03-14,2500
14-085,2026-03-14,2500
14-086,2026-03-14,2500
14-087,2026-03-14,2500
14-088,2026-03-14,2500
14-089,2026-03-14,2500
14-090,2026-03-14,2500
14-091,2026-03-14,2500
14-092,2026-03-14,2500
14-093,2026-03-14,2500
14-094,2026-03-14,2500
14-095,2026-03-14,2500
14-096,2026-03-14,2500
14-097,2026-03-14,2500
14-098,2026-03-14,2500
14-099,2026-03-14,2500
14-100,2026-03-14,2500
14-101,2026-03-14,2500
14-102,2026-03-14,2500
14-103,2026-03-14,2500
14-104,2026-03-14,2500
14-105,2026-03-14,2500
14-106,2026-03-14,2500
14-107,2026-03-14,2500
14-108,2026-03-14,2500
14-109,2026-03-14,2500
14-110,2026-03-14,2500
14-111,2026-03-14,2500
14-112,2026-03-14,2500
14-113,2026-03-14,2500
14-114,2026-03-14,2500
14-115,2026-03-14,2500
14-116,2026-03-14,2500
14-117,2026-03-14,2500
14-118,2026-03-14,2500
14-119,2026-03-14,2500
14-120,2026-03-14,2500
14-121,2026-03-14,2500
14-122,2026-03-14,2500
14-123,2026-03-14,2500
14-124,2026-03-14,2500
14-125,2026-03-14,2500
14-126,2026-03-14,2500
14-127,2026-03-14,2500
